[
  {
    "name": "stray",
    "age": 32,
    "active": true
  },
  {
    "name": "smurf",
    "age": 20,
    "active": false
  },
  {
    "name": "big boss",
    "age": 23,
    "active": true
  },
  {
    "name": "PRO100Slav",
    "age": 28,
    "active": false
  },
  {
    "name": "stray",
    "age": 30,
    "active": false
  },
  {
    "name": "stray",
    "age": 36,
    "active": false
  },
  {
    "name": "stray",
    "age": 27,
    "active": false
  },
  {
    "name": "PRO100Slav",
    "age": 36,
    "active": true
  },
  {
    "name": "big boss",
    "age": 20,
    "active": false
  },
  {
    "name": "smurf",
    "age": 34,
    "active": false
  }
]